{
  "idx": 193,
  "ts_system_pose_then_image": 1774840278.3138473,
  "pose": {
    "world_frame": "map",
    "base_frame": "base_footprint",
    "stamp_ros": {
      "sec": 1774840278,
      "nanosec": 227166653
    },
    "translation": {
      "x": 7.689032400623286,
      "y": 3.482672764339494,
      "z": 0.0
    },
    "rotation_xyzw": {
      "x": 0.0,
      "y": 0.0,
      "z": 0.6000690513398508,
      "w": 0.7999482068384749
    },
    "yaw_rad": 1.2871748515243744
  },
  "realsense_meta": {
    "ts_system": 1774840278.2768412,
    "depth_scale": 0.0010000000474974513,
    "color_profile": {
      "w": 640,
      "h": 480,
      "fps": 15
    },
    "depth_ir_profile": {
      "w": 640,
      "h": 480,
      "fps": 15
    }
  },
  "realsense_intr_extr": {
    "depth_intr": {
      "width": 640,
      "height": 480,
      "fx": 386.7013244628906,
      "fy": 386.7013244628906,
      "ppx": 322.88580322265625,
      "ppy": 240.861083984375,
      "model": 4,
      "coeffs": [
        0.0,
        0.0,
        0.0,
        0.0,
        0.0
      ]
    },
    "ir_right_intr": {
      "width": 640,
      "height": 480,
      "fx": 386.7013244628906,
      "fy": 386.7013244628906,
      "ppx": 322.88580322265625,
      "ppy": 240.861083984375,
      "model": 4,
      "coeffs": [
        0.0,
        0.0,
        0.0,
        0.0,
        0.0
      ]
    },
    "color_intr": {
      "width": 640,
      "height": 480,
      "fx": 612.6372680664062,
      "fy": 613.3155517578125,
      "ppx": 312.4703369140625,
      "ppy": 235.73280334472656,
      "model": 2,
      "coeffs": [
        0.0,
        0.0,
        0.0,
        0.0,
        0.0
      ]
    },
    "extr_depth_to_ir_right": {
      "rotation": [
        1.0,
        0.0,
        0.0,
        0.0,
        1.0,
        0.0,
        0.0,
        0.0,
        1.0
      ],
      "translation": [
        -0.050073496997356415,
        0.0,
        0.0
      ]
    }
  },
  "notes": {
    "order": "pose first, then frameset snapshot",
    "right_depth": "projected into IR-right view"
  }
}