{
  "idx": 0,
  "ts_system_saved": 1770873367.1236484,
  "pose": {
    "source": "kachaka_api",
    "endpoint": "192.168.0.157:26400",
    "stamp_system": {
      "t0": 1770873366.9819098,
      "t1": 1770873367.0920515
    },
    "world_frame": "map",
    "base_frame": "base_footprint",
    "translation": {
      "x": 0.05857162401038479,
      "y": -0.011760423107995407,
      "z": 0.0
    },
    "rotation_xyzw": {
      "x": 0.0,
      "y": 0.0,
      "z": -0.01115923843990182,
      "w": 0.9999377337601784
    },
    "yaw_rad": -0.022318940120552647
  },
  "realsense_meta": {
    "ts_system_frame": 1770873367.0970469,
    "depth_scale": 0.0010000000474974513,
    "color_profile": {
      "w": 640,
      "h": 480,
      "fps": 15
    },
    "depth_ir_profile": {
      "w": 640,
      "h": 480,
      "fps": 15
    },
    "rs_timestamp_ms": {
      "color": 1770873367031.3713,
      "depth": 1770873367027.3135,
      "ir_left": 1770873367027.3135,
      "ir_right": 1770873367027.3135
    },
    "rs_frame_number": {
      "color": 1136,
      "depth": 1148,
      "ir_left": 1148,
      "ir_right": 1148
    }
  },
  "realsense_intr_extr": {
    "depth_intr": {
      "width": 640,
      "height": 480,
      "fx": 386.7013244628906,
      "fy": 386.7013244628906,
      "ppx": 322.88580322265625,
      "ppy": 240.861083984375,
      "model": 4,
      "coeffs": [
        0.0,
        0.0,
        0.0,
        0.0,
        0.0
      ]
    },
    "ir_right_intr": {
      "width": 640,
      "height": 480,
      "fx": 386.7013244628906,
      "fy": 386.7013244628906,
      "ppx": 322.88580322265625,
      "ppy": 240.861083984375,
      "model": 4,
      "coeffs": [
        0.0,
        0.0,
        0.0,
        0.0,
        0.0
      ]
    },
    "color_intr": {
      "width": 640,
      "height": 480,
      "fx": 612.6372680664062,
      "fy": 613.3155517578125,
      "ppx": 312.4703369140625,
      "ppy": 235.73280334472656,
      "model": 2,
      "coeffs": [
        0.0,
        0.0,
        0.0,
        0.0,
        0.0
      ]
    },
    "extr_depth_to_ir_right": {
      "rotation": [
        1.0,
        0.0,
        0.0,
        0.0,
        1.0,
        0.0,
        0.0,
        0.0,
        1.0
      ],
      "translation": [
        -0.050073496997356415,
        0.0,
        0.0
      ]
    }
  },
  "output_size_wh": {
    "w": 640,
    "h": 480
  },
  "depth_output": {
    "path": "depth_raw_mm/000.png",
    "encoding_like_ros": "16UC1 (uint16 single-channel)",
    "unit": "mm",
    "fusion": "left_depth_mm with hole-fill from (depth->IR2->depth) reprojection"
  }
}