{
  "idx": 2,
  "ts_system_saved": 1770786978.0547757,
  "pose": {
    "source": "kachaka_api",
    "endpoint": "192.168.0.157:26400",
    "stamp_system": {
      "t0": 1770786977.6942673,
      "t1": 1770786978.0158706
    },
    "world_frame": "map",
    "base_frame": "base_footprint",
    "translation": {
      "x": 0.06865848629910619,
      "y": -0.001099252615980961,
      "z": 0.0
    },
    "rotation_xyzw": {
      "x": 0.0,
      "y": 0.0,
      "z": -0.014613263376972132,
      "w": 0.9998932205658139
    },
    "yaw_rad": -0.029227567062374487
  },
  "realsense_meta": {
    "ts_system_frame": 1770786978.0352156,
    "depth_scale": 0.0010000000474974513,
    "color_profile": {
      "w": 640,
      "h": 480,
      "fps": 15
    },
    "depth_ir_profile": {
      "w": 640,
      "h": 480,
      "fps": 15
    },
    "rs_timestamp_ms": {
      "color": 1770786977965.134,
      "depth": 1770786977961.1584,
      "ir_left": 1770786977827.7957,
      "ir_right": 1770786977827.7957
    },
    "rs_frame_number": {
      "color": 281,
      "depth": 284,
      "ir_left": 281,
      "ir_right": 281
    }
  },
  "realsense_intr_extr": {
    "depth_intr": {
      "width": 640,
      "height": 480,
      "fx": 386.7013244628906,
      "fy": 386.7013244628906,
      "ppx": 322.88580322265625,
      "ppy": 240.861083984375,
      "model": 4,
      "coeffs": [
        0.0,
        0.0,
        0.0,
        0.0,
        0.0
      ]
    },
    "ir_right_intr": {
      "width": 640,
      "height": 480,
      "fx": 386.7013244628906,
      "fy": 386.7013244628906,
      "ppx": 322.88580322265625,
      "ppy": 240.861083984375,
      "model": 4,
      "coeffs": [
        0.0,
        0.0,
        0.0,
        0.0,
        0.0
      ]
    },
    "color_intr": {
      "width": 640,
      "height": 480,
      "fx": 612.6372680664062,
      "fy": 613.3155517578125,
      "ppx": 312.4703369140625,
      "ppy": 235.73280334472656,
      "model": 2,
      "coeffs": [
        0.0,
        0.0,
        0.0,
        0.0,
        0.0
      ]
    },
    "extr_depth_to_ir_right": {
      "rotation": [
        1.0,
        0.0,
        0.0,
        0.0,
        1.0,
        0.0,
        0.0,
        0.0,
        1.0
      ],
      "translation": [
        -0.050073496997356415,
        0.0,
        0.0
      ]
    }
  },
  "notes": {
    "order": "pose first, then NEXT frameset after pose (guaranteed by frame_id logic)",
    "right_depth": "projected into IR-right view (z-buffer)"
  }
}