{
  "idx": 9,
  "ts_system_saved": 1770788193.950741,
  "pose": {
    "source": "kachaka_api",
    "endpoint": "192.168.0.157:26400",
    "stamp_system": {
      "t0": 1770788193.8679247,
      "t1": 1770788193.928074
    },
    "world_frame": "map",
    "base_frame": "base_footprint",
    "translation": {
      "x": 0.05780294480436826,
      "y": -0.02124785522519287,
      "z": 0.0
    },
    "rotation_xyzw": {
      "x": 0.0,
      "y": 0.0,
      "z": -0.007908653102544787,
      "w": 0.9999687261140239
    },
    "yaw_rad": -0.015817471096695866
  },
  "realsense_meta": {
    "ts_system_frame": 1770788193.937013,
    "depth_scale": 0.0010000000474974513,
    "color_profile": {
      "w": 640,
      "h": 480,
      "fps": 15
    },
    "depth_ir_profile": {
      "w": 640,
      "h": 480,
      "fps": 15
    },
    "rs_timestamp_ms": {
      "color": 1770788193871.705,
      "depth": 1770788193880.7734,
      "ir_left": 1770788193880.7734,
      "ir_right": 1770788193880.7734
    },
    "rs_frame_number": {
      "color": 354,
      "depth": 358,
      "ir_left": 358,
      "ir_right": 358
    }
  },
  "realsense_intr_extr": {
    "depth_intr": {
      "width": 640,
      "height": 480,
      "fx": 386.7013244628906,
      "fy": 386.7013244628906,
      "ppx": 322.88580322265625,
      "ppy": 240.861083984375,
      "model": 4,
      "coeffs": [
        0.0,
        0.0,
        0.0,
        0.0,
        0.0
      ]
    },
    "ir_right_intr": {
      "width": 640,
      "height": 480,
      "fx": 386.7013244628906,
      "fy": 386.7013244628906,
      "ppx": 322.88580322265625,
      "ppy": 240.861083984375,
      "model": 4,
      "coeffs": [
        0.0,
        0.0,
        0.0,
        0.0,
        0.0
      ]
    },
    "color_intr": {
      "width": 640,
      "height": 480,
      "fx": 612.6372680664062,
      "fy": 613.3155517578125,
      "ppx": 312.4703369140625,
      "ppy": 235.73280334472656,
      "model": 2,
      "coeffs": [
        0.0,
        0.0,
        0.0,
        0.0,
        0.0
      ]
    },
    "extr_depth_to_ir_right": {
      "rotation": [
        1.0,
        0.0,
        0.0,
        0.0,
        1.0,
        0.0,
        0.0,
        0.0,
        1.0
      ],
      "translation": [
        -0.050073496997356415,
        0.0,
        0.0
      ]
    }
  },
  "output_size_wh": {
    "w": 640,
    "h": 480
  },
  "depth_output": {
    "path": "depth_raw_mm/009.png",
    "encoding_like_ros": "16UC1 (uint16 single-channel)",
    "unit": "mm",
    "fusion": "left_depth_mm with hole-fill from (depth->IR2->depth) reprojection"
  }
}