{
    "wall": [
        0.12156862765550613,
        0.46666666865348816,
        0.7058823704719543
    ],
    "floor": [
        0.6823529601097107,
        0.7803921699523926,
        0.9098039269447327
    ],
    "ceiling": [
        1.0,
        0.49803921580314636,
        0.054901961237192154
    ],
    "door": [
        1.0,
        0.7333333492279053,
        0.47058823704719543
    ],
    "window": [
        0.1725490242242813,
        0.6274510025978088,
        0.1725490242242813
    ],
    "cabinet": [
        0.5960784554481506,
        0.8745098114013672,
        0.5411764979362488
    ],
    "shelf": [
        0.8392156958580017,
        0.15294118225574493,
        0.1568627506494522
    ],
    "table": [
        1.0,
        0.5960784554481506,
        0.5882353186607361
    ],
    "chair": [
        0.5803921818733215,
        0.40392157435417175,
        0.7411764860153198
    ],
    "sofa": [
        0.772549033164978,
        0.6901960968971252,
        0.8352941274642944
    ],
    "bed": [
        0.5490196347236633,
        0.33725491166114807,
        0.29411765933036804
    ],
    "desk": [
        0.7686274647712708,
        0.6117647290229797,
        0.5803921818733215
    ],
    "counter": [
        0.8901960849761963,
        0.46666666865348816,
        0.7607843279838562
    ],
    "bottle": [
        0.9686274528503418,
        0.7137255072593689,
        0.8235294222831726
    ],
    "robot": [
        0.49803921580314636,
        0.49803921580314636,
        0.49803921580314636
    ],
    "curtain": [
        0.7803921699523926,
        0.7803921699523926,
        0.7803921699523926
    ],
    "lamp": [
        0.7372549176216125,
        0.7411764860153198,
        0.13333334028720856
    ],
    "television": [
        0.8588235378265381,
        0.8588235378265381,
        0.5529412031173706
    ],
    "refrigerator": [
        0.09019608050584793,
        0.7450980544090271,
        0.8117647171020508
    ],
    "otherfurniture": [
        0.6196078658103943,
        0.8549019694328308,
        0.8980392217636108
    ]
}