{
  "meta": {
    "width": 640,
    "height": 480,
    "fps": 15,
    "depth_scale": 0.0010000000474974513
  },
  "intrinsics": {
    "depth_intr": {
      "width": 640,
      "height": 480,
      "fx": 386.7013244628906,
      "fy": 386.7013244628906,
      "ppx": 322.88580322265625,
      "ppy": 240.861083984375,
      "model": 4,
      "coeffs": [
        0.0,
        0.0,
        0.0,
        0.0,
        0.0
      ]
    },
    "ir_left_intr": {
      "width": 640,
      "height": 480,
      "fx": 386.7013244628906,
      "fy": 386.7013244628906,
      "ppx": 322.88580322265625,
      "ppy": 240.861083984375,
      "model": 4,
      "coeffs": [
        0.0,
        0.0,
        0.0,
        0.0,
        0.0
      ]
    },
    "ir_right_intr": {
      "width": 640,
      "height": 480,
      "fx": 386.7013244628906,
      "fy": 386.7013244628906,
      "ppx": 322.88580322265625,
      "ppy": 240.861083984375,
      "model": 4,
      "coeffs": [
        0.0,
        0.0,
        0.0,
        0.0,
        0.0
      ]
    },
    "color_intr": {
      "width": 640,
      "height": 480,
      "fx": 612.6372680664062,
      "fy": 613.3155517578125,
      "ppx": 312.4703369140625,
      "ppy": 235.73280334472656,
      "model": 2,
      "coeffs": [
        0.0,
        0.0,
        0.0,
        0.0,
        0.0
      ]
    }
  },
  "extrinsics_direct_from_sdk": {
    "depth_to_color": {
      "rotation_row_major": [
        0.9999542832374573,
        -0.002642820356413722,
        -0.009190971963107586,
        0.0026114198844879866,
        0.999990701675415,
        -0.0034267567098140717,
        0.009199942462146282,
        0.00340259843505919,
        0.9999518990516663
      ],
      "rotation_matrix": [
        [
          0.9999542832374573,
          -0.002642820356413722,
          -0.009190971963107586
        ],
        [
          0.0026114198844879866,
          0.999990701675415,
          -0.0034267567098140717
        ],
        [
          0.009199942462146282,
          0.00340259843505919,
          0.9999518990516663
        ]
      ],
      "translation_m": [
        0.0145565839484334,
        0.00014463576371781528,
        0.00030962753226049244
      ]
    },
    "depth_to_ir_left": {
      "rotation_row_major": [
        1.0,
        0.0,
        0.0,
        0.0,
        1.0,
        0.0,
        0.0,
        0.0,
        1.0
      ],
      "rotation_matrix": [
        [
          1.0,
          0.0,
          0.0
        ],
        [
          0.0,
          1.0,
          0.0
        ],
        [
          0.0,
          0.0,
          1.0
        ]
      ],
      "translation_m": [
        0.0,
        0.0,
        0.0
      ]
    },
    "depth_to_ir_right": {
      "rotation_row_major": [
        1.0,
        0.0,
        0.0,
        0.0,
        1.0,
        0.0,
        0.0,
        0.0,
        1.0
      ],
      "rotation_matrix": [
        [
          1.0,
          0.0,
          0.0
        ],
        [
          0.0,
          1.0,
          0.0
        ],
        [
          0.0,
          0.0,
          1.0
        ]
      ],
      "translation_m": [
        -0.050073496997356415,
        0.0,
        0.0
      ]
    },
    "ir_left_to_color": {
      "rotation_row_major": [
        0.9999542832374573,
        -0.002642820356413722,
        -0.009190971963107586,
        0.0026114198844879866,
        0.999990701675415,
        -0.0034267567098140717,
        0.009199942462146282,
        0.00340259843505919,
        0.9999518990516663
      ],
      "rotation_matrix": [
        [
          0.9999542832374573,
          -0.002642820356413722,
          -0.009190971963107586
        ],
        [
          0.0026114198844879866,
          0.999990701675415,
          -0.0034267567098140717
        ],
        [
          0.009199942462146282,
          0.00340259843505919,
          0.9999518990516663
        ]
      ],
      "translation_m": [
        0.0145565839484334,
        0.00014463576371781528,
        0.00030962753226049244
      ]
    },
    "ir_right_to_color": {
      "rotation_row_major": [
        0.9999542832374573,
        -0.002642820356413722,
        -0.009190971963107586,
        0.0026114198844879866,
        0.999990701675415,
        -0.0034267567098140717,
        0.009199942462146282,
        0.00340259843505919,
        0.9999518990516663
      ],
      "rotation_matrix": [
        [
          0.9999542832374573,
          -0.002642820356413722,
          -0.009190971963107586
        ],
        [
          0.0026114198844879866,
          0.999990701675415,
          -0.0034267567098140717
        ],
        [
          0.009199942462146282,
          0.00340259843505919,
          0.9999518990516663
        ]
      ],
      "translation_m": [
        0.06462778896093369,
        1.2300501111894846e-05,
        -0.00015059657744131982
      ]
    }
  },
  "extrinsics_derived": {
    "ir_right_to_depth": {
      "rotation_row_major": [
        1.0,
        0.0,
        0.0,
        0.0,
        1.0,
        0.0,
        0.0,
        0.0,
        1.0
      ],
      "rotation_matrix": [
        [
          1.0,
          0.0,
          0.0
        ],
        [
          0.0,
          1.0,
          0.0
        ],
        [
          0.0,
          0.0,
          1.0
        ]
      ],
      "translation_m": [
        0.050073496997356415,
        -0.0,
        -0.0
      ]
    },
    "ir_right_to_color": {
      "rotation_row_major": [
        0.9999542832374573,
        -0.002642820356413722,
        -0.009190971963107586,
        0.0026114198844879866,
        0.999990701675415,
        -0.0034267567098140717,
        0.009199942462146282,
        0.00340259843505919,
        0.9999518990516663
      ],
      "rotation_matrix": [
        [
          0.9999542832374573,
          -0.002642820356413722,
          -0.009190971963107586
        ],
        [
          0.0026114198844879866,
          0.999990701675415,
          -0.0034267567098140717
        ],
        [
          0.009199942462146282,
          0.00340259843505919,
          0.9999518990516663
        ]
      ],
      "translation_m": [
        0.0646277917476179,
        0.0002753986894625613,
        0.0007703008235146261
      ]
    },
    "ir_left_to_depth": {
      "rotation_row_major": [
        1.0,
        0.0,
        0.0,
        0.0,
        1.0,
        0.0,
        0.0,
        0.0,
        1.0
      ],
      "rotation_matrix": [
        [
          1.0,
          0.0,
          0.0
        ],
        [
          0.0,
          1.0,
          0.0
        ],
        [
          0.0,
          0.0,
          1.0
        ]
      ],
      "translation_m": [
        -0.0,
        -0.0,
        -0.0
      ]
    },
    "ir_left_to_color": {
      "rotation_row_major": [
        0.9999542832374573,
        -0.002642820356413722,
        -0.009190971963107586,
        0.0026114198844879866,
        0.999990701675415,
        -0.0034267567098140717,
        0.009199942462146282,
        0.00340259843505919,
        0.9999518990516663
      ],
      "rotation_matrix": [
        [
          0.9999542832374573,
          -0.002642820356413722,
          -0.009190971963107586
        ],
        [
          0.0026114198844879866,
          0.999990701675415,
          -0.0034267567098140717
        ],
        [
          0.009199942462146282,
          0.00340259843505919,
          0.9999518990516663
        ]
      ],
      "translation_m": [
        0.0145565839484334,
        0.00014463576371781528,
        0.00030962753226049244
      ]
    }
  }
}